{
  "total_samples": 30,
  "sample_duration": 15,
  "collection_time": 16.34529757499695,
  "calculation_time": 0.07039785385131836,
  "data_points": 1501,
  "rbw": 10000.0,
  "start_time": 0.1077733039855957,
  "end_time": 14.773967742919922
}