{
  "total_samples": 147,
  "sample_duration": 300,
  "collection_time": 300.9563903808594,
  "calculation_time": 0.3387007713317871,
  "data_points": 2001,
  "rbw": 100000.0,
  "start_time": 2.029838800430298,
  "end_time": 298.11362624168396,
  "actual_duration": 298.11362624168396
}